timestamp,spo2,pulse,raw_hex
2026-07-25 11:40:57.595,98,68,00 00 62 00 44 00
2026-07-25 11:40:58.674,98,67,00 00 62 00 43 00
2026-07-25 11:40:59.574,98,66,00 00 62 00 42 00
2026-07-25 11:41:00.594,98,65,00 00 62 00 41 00
2026-07-25 11:41:01.614,98,64,00 00 62 00 40 00
2026-07-25 11:41:02.574,98,63,00 00 62 00 3f 00
2026-07-25 11:41:03.594,98,63,00 00 62 00 3f 00
2026-07-25 11:41:04.614,98,63,00 00 62 00 3f 00
2026-07-25 11:41:05.574,98,63,00 00 62 00 3f 00
2026-07-25 11:41:06.594,97,63,00 00 61 00 3f 00
2026-07-25 11:41:07.623,97,64,00 00 61 00 40 00
2026-07-25 11:41:08.659,97,64,00 00 61 00 40 00
2026-07-25 11:41:09.579,97,64,00 00 61 00 40 00
2026-07-25 11:41:10.614,97,64,00 00 61 00 40 00
2026-07-25 11:41:11.649,97,64,00 00 61 00 40 00
2026-07-25 11:41:12.685,97,63,00 00 61 00 3f 00
2026-07-25 11:41:13.604,97,63,00 00 61 00 3f 00
2026-07-25 11:41:14.639,97,63,00 00 61 00 3f 00
2026-07-25 11:41:15.674,97,63,00 00 61 00 3f 00
2026-07-25 11:41:16.594,97,63,00 00 61 00 3f 00
2026-07-25 11:41:17.629,98,63,00 00 62 00 3f 00
2026-07-25 11:41:18.665,98,63,00 00 62 00 3f 00
2026-07-25 11:41:19.584,98,63,00 00 62 00 3f 00
2026-07-25 11:41:20.620,98,63,00 00 62 00 3f 00
2026-07-25 11:41:21.654,98,63,00 00 62 00 3f 00
2026-07-25 11:41:22.690,98,64,00 00 62 00 40 00
2026-07-25 11:41:23.610,97,64,00 00 61 00 40 00
2026-07-25 11:41:24.760,97,65,00 00 61 00 41 00
2026-07-25 11:41:25.680,97,65,00 00 61 00 41 00
2026-07-25 11:41:26.600,97,65,00 00 61 00 41 00
2026-07-25 11:41:27.635,97,66,00 00 61 00 42 00
2026-07-25 11:41:28.670,97,66,00 00 61 00 42 00
2026-07-25 11:41:29.705,97,66,00 00 61 00 42 00
2026-07-25 11:41:30.625,97,67,00 00 61 00 43 00
2026-07-25 11:41:31.659,97,67,00 00 61 00 43 00
2026-07-25 11:41:32.695,97,66,00 00 61 00 42 00
2026-07-25 11:41:33.615,97,66,00 00 61 00 42 00
2026-07-25 11:41:34.650,97,66,00 00 61 00 42 00
2026-07-25 11:41:35.686,97,65,00 00 61 00 41 00
2026-07-25 11:41:36.720,97,65,00 00 61 00 41 00
2026-07-25 11:41:37.640,97,65,00 00 61 00 41 00
2026-07-25 11:41:38.675,97,65,00 00 61 00 41 00
2026-07-25 11:41:39.710,97,64,00 00 61 00 40 00
2026-07-25 11:41:40.630,97,64,00 00 61 00 40 00
2026-07-25 11:41:41.665,97,65,00 00 61 00 41 00
2026-07-25 11:41:42.700,97,65,00 00 61 00 41 00
2026-07-25 11:41:43.620,97,65,00 00 61 00 41 00
2026-07-25 11:41:44.656,97,65,00 00 61 00 41 00
2026-07-25 11:41:45.691,97,65,00 00 61 00 41 00
2026-07-25 11:41:46.726,97,65,00 00 61 00 41 00
2026-07-25 11:41:47.646,97,65,00 00 61 00 41 00
2026-07-25 11:41:48.680,97,66,00 00 61 00 42 00
2026-07-25 11:41:49.715,97,66,00 00 61 00 42 00
2026-07-25 11:41:50.635,97,66,00 00 61 00 42 00
2026-07-25 11:41:51.671,97,65,00 00 61 00 41 00
2026-07-25 11:41:52.821,97,64,00 00 61 00 40 00
2026-07-25 11:41:53.740,97,63,00 00 61 00 3f 00
2026-07-25 11:41:54.661,97,62,00 00 61 00 3e 00
2026-07-25 11:41:55.696,97,61,00 00 61 00 3d 00
2026-07-25 11:41:56.731,97,60,00 00 61 00 3c 00
2026-07-25 11:41:57.651,97,59,00 00 61 00 3b 00
2026-07-25 11:41:58.685,97,58,00 00 61 00 3a 00
2026-07-25 11:41:59.721,97,58,00 00 61 00 3a 00
2026-07-25 11:42:00.640,97,58,00 00 61 00 3a 00
2026-07-25 11:42:01.676,97,58,00 00 61 00 3a 00
2026-07-25 11:42:02.711,98,58,00 00 62 00 3a 00
2026-07-25 11:42:03.746,98,58,00 00 62 00 3a 00
2026-07-25 11:42:04.666,98,57,00 00 62 00 39 00
2026-07-25 11:42:05.816,98,57,00 00 62 00 39 00
2026-07-25 11:42:06.736,98,57,00 00 62 00 39 00
2026-07-25 11:42:07.656,98,57,00 00 62 00 39 00
2026-07-25 11:42:08.691,98,57,00 00 62 00 39 00
2026-07-25 11:42:09.727,98,57,00 00 62 00 39 00
2026-07-25 11:42:10.761,97,57,00 00 61 00 39 00
2026-07-25 11:42:11.681,97,57,00 00 61 00 39 00
2026-07-25 11:42:12.716,97,57,00 00 61 00 39 00
2026-07-25 11:42:13.751,97,57,00 00 61 00 39 00
2026-07-25 11:42:14.671,97,57,00 00 61 00 39 00
2026-07-25 11:42:15.708,97,57,00 00 61 00 39 00
2026-07-25 11:42:16.742,97,57,00 00 61 00 39 00
2026-07-25 11:42:17.662,97,57,00 00 61 00 39 00
2026-07-25 11:42:18.697,97,58,00 00 61 00 3a 00
2026-07-25 11:42:19.732,97,58,00 00 61 00 3a 00
2026-07-25 11:42:20.767,97,58,00 00 61 00 3a 00
2026-07-25 11:42:21.687,97,58,00 00 61 00 3a 00
2026-07-25 11:42:22.837,97,59,00 00 61 00 3b 00
2026-07-25 11:42:23.756,97,59,00 00 61 00 3b 00
2026-07-25 11:42:24.677,97,59,00 00 61 00 3b 00
2026-07-25 11:42:25.711,97,59,00 00 61 00 3b 00
2026-07-25 11:42:26.746,97,60,00 00 61 00 3c 00
2026-07-25 11:42:27.781,97,60,00 00 61 00 3c 00
2026-07-25 11:42:28.703,97,60,00 00 61 00 3c 00
2026-07-25 11:42:29.736,97,61,00 00 61 00 3d 00
2026-07-25 11:42:30.772,96,61,00 00 60 00 3d 00
2026-07-25 11:42:31.692,96,61,00 00 60 00 3d 00
2026-07-25 11:42:32.842,96,62,00 00 60 00 3e 00
2026-07-25 11:42:33.762,96,62,00 00 60 00 3e 00
2026-07-25 11:42:34.797,96,63,00 00 60 00 3f 00
2026-07-25 11:42:35.832,96,63,00 00 60 00 3f 00
2026-07-25 11:42:36.752,96,63,00 00 60 00 3f 00
2026-07-25 11:42:37.788,96,63,00 00 60 00 3f 00
2026-07-25 11:42:38.707,95,63,00 00 5f 00 3f 00
2026-07-25 11:42:39.742,95,63,00 00 5f 00 3f 00
2026-07-25 11:42:40.777,95,63,00 00 5f 00 3f 00
2026-07-25 11:42:41.697,95,63,00 00 5f 00 3f 00
2026-07-25 11:42:42.732,95,63,00 00 5f 00 3f 00
2026-07-25 11:42:43.767,95,63,00 00 5f 00 3f 00
2026-07-25 11:42:44.802,95,63,00 00 5f 00 3f 00
2026-07-25 11:42:45.722,95,63,00 00 5f 00 3f 00
2026-07-25 11:42:46.757,95,63,00 00 5f 00 3f 00
2026-07-25 11:42:47.792,95,63,00 00 5f 00 3f 00
2026-07-25 11:42:48.713,95,63,00 00 5f 00 3f 00
2026-07-25 11:42:49.747,94,64,00 00 5e 00 40 00
2026-07-25 11:42:50.782,94,64,00 00 5e 00 40 00
2026-07-25 11:42:51.817,94,64,00 00 5e 00 40 00
2026-07-25 11:42:52.738,94,64,00 00 5e 00 40 00
2026-07-25 11:42:53.773,94,64,00 00 5e 00 40 00
2026-07-25 11:42:54.808,94,64,00 00 5e 00 40 00
2026-07-25 11:42:55.728,94,64,00 00 5e 00 40 00
2026-07-25 11:42:56.763,94,64,00 00 5e 00 40 00
2026-07-25 11:42:57.797,94,64,00 00 5e 00 40 00
2026-07-25 11:42:58.718,94,64,00 00 5e 00 40 00
2026-07-25 11:42:59.753,93,64,00 00 5d 00 40 00
2026-07-25 11:43:00.788,93,64,00 00 5d 00 40 00
2026-07-25 11:43:01.822,93,64,00 00 5d 00 40 00
2026-07-25 11:43:02.743,93,65,00 00 5d 00 41 00
2026-07-25 11:43:03.778,93,66,00 00 5d 00 42 00
2026-07-25 11:43:04.928,92,68,00 00 5c 00 44 00
2026-07-25 11:43:05.733,92,72,00 00 5c 00 48 00
2026-07-25 11:43:06.768,91,74,00 00 5b 00 4a 00
2026-07-25 11:43:07.804,91,78,00 00 5b 00 4e 00
2026-07-25 11:43:08.838,91,79,00 00 5b 00 4f 00
2026-07-25 11:43:09.759,91,81,00 00 5b 00 51 00
2026-07-25 11:43:10.794,91,82,00 00 5b 00 52 00
2026-07-25 11:43:11.829,92,83,00 00 5c 00 53 00
2026-07-25 11:43:12.749,93,83,00 00 5d 00 53 00
2026-07-25 11:43:13.783,95,83,00 00 5f 00 53 00
2026-07-25 11:43:14.819,96,83,00 00 60 00 53 00
2026-07-25 11:43:15.854,97,82,00 00 61 00 52 00
2026-07-25 11:43:16.774,97,81,00 00 61 00 51 00
2026-07-25 11:43:17.809,98,79,00 00 62 00 4f 00
2026-07-25 11:43:18.844,98,78,00 00 62 00 4e 00
2026-07-25 11:43:19.764,98,77,00 00 62 00 4d 00
2026-07-25 11:43:20.799,98,76,00 00 62 00 4c 00
2026-07-25 11:43:21.834,98,75,00 00 62 00 4b 00
2026-07-25 11:43:22.754,99,74,00 00 63 00 4a 00
2026-07-25 11:43:23.790,99,74,00 00 63 00 4a 00
2026-07-25 11:43:24.825,99,74,00 00 63 00 4a 00
2026-07-25 11:43:25.860,99,74,00 00 63 00 4a 00
2026-07-25 11:43:26.780,99,74,00 00 63 00 4a 00
2026-07-25 11:43:27.815,99,75,00 00 63 00 4b 00
2026-07-25 11:43:28.849,99,75,00 00 63 00 4b 00
2026-07-25 11:43:29.885,99,75,00 00 63 00 4b 00
2026-07-25 11:43:30.804,99,75,00 00 63 00 4b 00
2026-07-25 11:43:31.840,99,75,00 00 63 00 4b 00
2026-07-25 11:43:32.876,99,75,00 00 63 00 4b 00
2026-07-25 11:43:33.795,99,75,00 00 63 00 4b 00
2026-07-25 11:43:34.830,99,75,00 00 63 00 4b 00
2026-07-25 11:43:35.865,99,74,00 00 63 00 4a 00
2026-07-25 11:43:36.786,99,74,00 00 63 00 4a 00
2026-07-25 11:43:37.821,98,74,00 00 62 00 4a 00
2026-07-25 11:43:38.855,98,74,00 00 62 00 4a 00
2026-07-25 11:43:39.775,98,73,00 00 62 00 49 00
2026-07-25 11:43:40.811,98,73,00 00 62 00 49 00
2026-07-25 11:43:41.845,98,73,00 00 62 00 49 00
2026-07-25 11:43:42.880,98,72,00 00 62 00 48 00
2026-07-25 11:43:43.800,98,72,00 00 62 00 48 00
2026-07-25 11:43:44.836,98,71,00 00 62 00 47 00
2026-07-25 11:43:45.871,98,71,00 00 62 00 47 00
2026-07-25 11:43:46.791,98,70,00 00 62 00 46 00
2026-07-25 11:43:47.826,98,69,00 00 62 00 45 00
2026-07-25 11:43:48.861,98,69,00 00 62 00 45 00
2026-07-25 11:43:49.896,98,68,00 00 62 00 44 00
2026-07-25 11:43:50.816,98,68,00 00 62 00 44 00
2026-07-25 11:43:51.852,98,68,00 00 62 00 44 00
2026-07-25 11:43:52.886,98,68,00 00 62 00 44 00
2026-07-25 11:43:53.806,98,68,00 00 62 00 44 00
2026-07-25 11:43:54.842,98,68,00 00 62 00 44 00
2026-07-25 11:43:55.877,98,69,00 00 62 00 45 00
2026-07-25 11:43:56.911,98,70,00 00 62 00 46 00
